last_name, first_name,player_id,year,batting_avg,slg_percent,on_base_percent,isolated_power,xba,xslg,woba,xwoba,xobp,xiso,
Wainwright, Adam,425794,2021,.220,.352,.274,.132,.251,.388,.273,.302,.305,.137,
Greinke, Zack,425844,2021,.252,.434,.290,.182,.266,.431,.309,.320,.307,.164,
Santana, Ervin,429722,2021,.259,.446,.321,.187,.278,.533,.328,.369,.339,.255,
Kazmir, Scott,431148,2021,.313,.563,.382,.250,.299,.580,.398,.401,.377,.281,
Petit, Yusmeiro,433589,2021,.233,.395,.262,.162,.265,.456,.280,.321,.295,.191,
Kintzler, Brandon,445213,2021,.344,.580,.383,.236,.315,.519,.402,.376,.361,.204,
Jansen, Kenley,445276,2021,.153,.233,.266,.080,.180,.271,.229,.260,.295,.091,
Chavez, Jesse,445926,2021,.192,.267,.256,.075,.214,.346,.230,.271,.277,.131,
Detwiler, Ross,446321,2021,.222,.449,.314,.227,.220,.392,.326,.317,.317,.172,
Kluber, Corey,446372,2021,.247,.375,.328,.128,.240,.372,.310,.309,.323,.132,
Hill, Rich,448179,2021,.235,.402,.315,.167,.240,.414,.313,.323,.323,.174,
Doolittle, Sean,448281,2021,.258,.454,.336,.196,.242,.417,.336,.320,.327,.175,
Guerra, Junior,448855,2021,.262,.379,.378,.117,.241,.351,.338,.324,.361,.111,
Morton, Charlie,450203,2021,.203,.309,.279,.106,.217,.332,.264,.282,.296,.115,
Davis, Wade,451584,2021,.270,.454,.342,.184,.280,.499,.341,.372,.360,.219,
Albers, Andrew,452027,2021,.304,.709,.382,.405,.352,.669,.446,.457,.425,.316,
Lester, Jon,452657,2021,.285,.478,.346,.193,.274,.454,.352,.344,.342,.180,
Kennedy, Ian,453178,2021,.216,.418,.281,.202,.226,.428,.296,.305,.291,.202,
Miller, Andrew,453192,2021,.293,.486,.378,.193,.241,.411,.372,.333,.340,.170,
Watson, Tony,453265,2021,.193,.285,.258,.092,.224,.359,.241,.283,.286,.136,
Bard, Daniel,453268,2021,.265,.431,.368,.166,.236,.357,.350,.316,.344,.122,
LeBlanc, Wade,453281,2021,.283,.480,.348,.197,.291,.487,.353,.362,.359,.196,
Parker, Blake,453284,2021,.257,.395,.319,.138,.251,.400,.310,.311,.314,.149,
Scherzer, Max,453286,2021,.185,.331,.238,.146,.196,.355,.248,.264,.249,.159,
Melancon, Mark,453343,2021,.228,.316,.302,.088,.264,.384,.270,.315,.337,.120,
Arrieta, Jake,453562,2021,.320,.563,.386,.243,.286,.511,.400,.374,.362,.225,
Martin, Chris,455119,2021,.290,.402,.320,.112,.267,.414,.313,.309,.299,.147,
Price, David,456034,2021,.272,.428,.334,.156,.258,.384,.330,.313,.327,.127,
Cueto, Johnny,456501,2021,.285,.465,.329,.180,.278,.452,.342,.339,.329,.174,
Happ, J.A.,457918,2021,.288,.511,.340,.223,.275,.503,.361,.356,.330,.228,
Lindblom, Josh,458676,2021,.324,.662,.424,.338,.305,.600,.449,.443,.417,.295,
Wilson, Justin,458677,2021,.244,.435,.329,.191,.232,.414,.332,.323,.321,.183,
Lynn, Lance,458681,2021,.209,.338,.265,.129,.198,.322,.264,.256,.258,.124,
Tomlin, Josh,458708,2021,.327,.550,.344,.223,.297,.503,.377,.350,.316,.205,
McGee, Jake,459429,2021,.196,.330,.234,.134,.217,.380,.242,.271,.255,.163,
Clippard, Tyler,461325,2021,.232,.400,.324,.168,.263,.507,.315,.366,.355,.244,
Swarzak, Anthony,461872,2021,.370,.704,.393,.334,.326,.624,.458,.410,.350,.298,
Soria, Joakim,465657,2021,.269,.483,.327,.214,.245,.400,.344,.307,.306,.154,
Chacin, Jhoulys,468504,2021,.222,.406,.301,.184,.244,.392,.306,.318,.325,.148,
Carrasco, Carlos,471911,2021,.272,.502,.325,.230,.257,.452,.350,.331,.312,.196,
Abad, Fernando,472551,2021,.307,.453,.366,.146,.283,.405,.350,.327,.344,.122,
Garcia, Luis,472610,2021,.202,.298,.252,.096,.230,.377,.239,.282,.279,.147,
Anderson, Brett,474463,2021,.276,.439,.323,.163,.299,.473,.328,.363,.353,.173,
Luetge, Lucas,476595,2021,.238,.359,.282,.121,.243,.358,.279,.282,.287,.115,
Kershaw, Clayton,477132,2021,.224,.374,.260,.150,.222,.373,.274,.275,.261,.151,
Buchter, Ryan,488748,2021,.258,.581,.397,.323,.238,.515,.406,.388,.386,.276,
Miley, Wade,489119,2021,.265,.408,.317,.143,.253,.399,.317,.312,.311,.146,
Romo, Sergio,489265,2021,.238,.404,.305,.166,.218,.365,.305,.287,.289,.147,
Stammen, Craig,489334,2021,.235,.384,.268,.149,.241,.385,.279,.287,.275,.144,
Valdez, Cesar,491624,2021,.320,.526,.367,.206,.297,.456,.376,.345,.347,.159,
Ottavino, Adam,493603,2021,.239,.374,.351,.135,.209,.317,.324,.297,.332,.109,
Guerra, Deolis,500610,2021,.218,.358,.286,.140,.203,.346,.283,.273,.273,.144,
Quintana, Jose,500779,2021,.286,.483,.370,.197,.254,.436,.366,.341,.346,.182,
Pineda, Michael,501381,2021,.265,.453,.299,.188,.282,.475,.320,.338,.317,.193,
Alvarez, Jose,501625,2021,.217,.279,.271,.062,.250,.342,.245,.287,.304,.091,
Smith, Joe,501925,2021,.297,.462,.335,.165,.242,.389,.339,.291,.289,.147,
Minor, Mike,501985,2021,.252,.447,.302,.195,.245,.449,.321,.321,.297,.204,
Archer, Chris,502042,2021,.240,.413,.313,.173,.265,.527,.316,.367,.336,.262,
Gibson, Kyle,502043,2021,.234,.363,.305,.129,.241,.368,.293,.302,.314,.127,
Robertson, David,502085,2021,.239,.413,.300,.174,.253,.404,.308,.311,.313,.151,
Britton, Zack,502154,2021,.262,.400,.402,.138,.184,.277,.355,.291,.337,.093,
Cobb, Alex,502171,2021,.240,.336,.308,.096,.257,.360,.286,.307,.326,.103,
Espino, Paolo,502179,2021,.256,.460,.295,.204,.271,.483,.319,.337,.311,.212,
Boxberger, Brad,502202,2021,.192,.332,.282,.140,.203,.349,.274,.286,.297,.146,
Cahill, Trevor,502239,2021,.286,.422,.343,.136,.268,.440,.332,.335,.332,.172,
Santiago, Hector,502327,2021,.257,.390,.325,.133,.209,.288,.312,.259,.283,.079,
Miller, Justin,502522,2021,.278,.528,.337,.250,.311,.590,.369,.407,.375,.279,
Anderson, Chase,502624,2021,.268,.521,.344,.253,.261,.487,.366,.358,.342,.226,
Holland, Derek,502706,2021,.287,.455,.351,.168,.249,.401,.345,.313,.318,.152,
Peralta, Wily,503449,2021,.247,.415,.321,.168,.258,.423,.319,.335,.337,.164,
Dolis, Rafael,503569,2021,.232,.352,.378,.120,.222,.341,.327,.324,.371,.119,
Darvish, Yu,506433,2021,.222,.429,.279,.207,.209,.376,.301,.282,.270,.168,
Colome, Alex,517008,2021,.264,.411,.328,.147,.255,.447,.319,.335,.324,.192,
Alexander, Scott,518397,2021,.242,.371,.299,.129,.256,.357,.287,.293,.312,.101,
Brasier, Ryan,518489,2021,.267,.422,.320,.155,.244,.341,.319,.301,.312,.097,
Bumgarner, Madison,518516,2021,.242,.439,.300,.197,.245,.433,.315,.320,.307,.187,
Cishek, Steve,518553,2021,.238,.316,.351,.078,.214,.323,.299,.298,.337,.109,
Diekman, Jake,518617,2021,.211,.390,.324,.179,.219,.399,.312,.323,.334,.180,
Duffy, Danny,518633,2021,.226,.357,.294,.131,.246,.415,.284,.315,.312,.169,
Harvey, Matt,518774,2021,.299,.481,.347,.182,.289,.476,.355,.351,.340,.188,
Holland, Greg,518813,2021,.229,.407,.313,.178,.259,.494,.310,.359,.343,.235,
Jones, Nate,518858,2021,.219,.534,.333,.315,.258,.521,.349,.365,.368,.264,
Kelly, Merrill,518876,2021,.266,.433,.312,.167,.271,.432,.319,.324,.320,.161,
Kimbrel, Craig,518886,2021,.150,.272,.243,.122,.158,.268,.230,.236,.251,.110,
McFarland, T.J.,519008,2021,.237,.370,.285,.133,.250,.396,.282,.300,.297,.146,
Moore, Matt,519043,2021,.274,.509,.353,.235,.252,.441,.368,.338,.343,.189,
Nelson, Jimmy,519076,2021,.143,.184,.267,.041,.139,.199,.223,.227,.267,.060,
Pomeranz, Drew,519141,2021,.211,.333,.284,.122,.211,.353,.267,.275,.285,.142,
Pressly, Ryan,519151,2021,.208,.297,.248,.089,.200,.326,.238,.247,.242,.126,
Sale, Chris,519242,2021,.269,.419,.333,.150,.232,.347,.326,.287,.299,.115,
Smith, Will,519293,2021,.198,.403,.290,.205,.196,.353,.297,.284,.290,.156,
Strickland, Hunter,519326,2021,.213,.380,.289,.167,.214,.397,.292,.301,.292,.183,
Workman, Brandon,519443,2021,.313,.487,.419,.174,.314,.509,.389,.399,.420,.196,
Hendriks, Liam,521230,2021,.174,.318,.199,.144,.169,.320,.220,.219,.194,.151,
Kelly, Joe,523260,2021,.174,.286,.258,.112,.208,.315,.242,.279,.296,.106,
Perez, Martin,527048,2021,.296,.481,.356,.185,.280,.471,.358,.356,.345,.190,
Castellanos, Humberto,528748,2021,.277,.462,.332,.185,.243,.414,.347,.317,.311,.171,
Shoemaker, Matt,533167,2021,.297,.537,.363,.240,.287,.532,.380,.380,.360,.245,
Ramirez, Erasmo,541640,2021,.238,.406,.275,.168,.238,.412,.290,.295,.276,.174,
Cisnero, Jose,542585,2021,.226,.345,.325,.119,.228,.379,.300,.314,.329,.151,
Anderson, Tyler,542881,2021,.262,.452,.297,.190,.260,.429,.319,.317,.302,.169,
Andriese, Matt,542882,2021,.323,.488,.369,.165,.290,.461,.367,.346,.341,.171,
Armstrong, Shawn,542888,2021,.265,.531,.339,.266,.244,.484,.367,.345,.321,.239,
Bass, Anthony,542914,2021,.241,.425,.315,.184,.256,.441,.312,.330,.333,.185,
Bleier, Richard,542947,2021,.241,.335,.267,.094,.241,.344,.256,.270,.275,.102,
Brach, Brad,542960,2021,.254,.449,.353,.195,.233,.425,.343,.333,.342,.192,
Chatwood, Tyler,543022,2021,.217,.317,.352,.100,.230,.350,.308,.326,.364,.120,
Cole, Gerrit,543037,2021,.223,.372,.267,.149,.209,.369,.276,.273,.257,.160,
Conley, Adam,543045,2021,.212,.364,.289,.152,.219,.327,.284,.284,.299,.108,
Coulombe, Danny,543056,2021,.267,.443,.302,.176,.232,.399,.317,.287,.271,.166,
DeSclafani, Anthony,543101,2021,.225,.358,.274,.133,.242,.411,.276,.305,.292,.169,
Eovaldi, Nathan,543135,2021,.253,.402,.293,.149,.239,.366,.298,.283,.281,.127,
Gray, Sonny,543243,2021,.225,.385,.301,.160,.216,.326,.300,.279,.296,.109,
Hand, Brad,543272,2021,.235,.408,.317,.173,.250,.432,.310,.330,.335,.182,
Hendricks, Kyle,543294,2021,.278,.481,.327,.203,.277,.456,.345,.339,.329,.179,
Hudson, Daniel,543339,2021,.211,.405,.267,.194,.199,.399,.284,.281,.258,.200,
Jackson, Jay,543351,2021,.197,.382,.300,.185,.205,.406,.299,.317,.313,.201,
Lyles, Jordan,543475,2021,.278,.499,.334,.221,.275,.482,.354,.351,.334,.207,
May, Trevor,543507,2021,.227,.401,.297,.174,.192,.349,.297,.264,.265,.157,
McHugh, Collin,543521,2021,.207,.289,.251,.082,.202,.285,.236,.233,.248,.083,
Milone, Tommy,543548,2021,.323,.581,.354,.258,.295,.464,.393,.342,.328,.168,
Nolin, Sean,543594,2021,.302,.500,.382,.198,.237,.375,.379,.311,.329,.138,
Odorizzi, Jake,543606,2021,.243,.429,.304,.186,.254,.448,.316,.330,.317,.194,
Shaw, Bryan,543766,2021,.235,.388,.323,.153,.250,.399,.313,.326,.338,.149,
Familia, Jeurys,544727,2021,.248,.435,.328,.187,.229,.358,.330,.299,.316,.129,
Strasburg, Stephen,544931,2021,.200,.388,.326,.188,.249,.457,.308,.355,.369,.208,
Bauer, Trevor,545333,2021,.182,.374,.257,.192,.197,.385,.274,.285,.272,.188,
Head, Louis,545343,2021,.175,.250,.246,.075,.188,.338,.225,.265,.260,.150,
Poteet, Cody,547001,2021,.216,.457,.311,.241,.235,.467,.329,.342,.328,.232,
Lorenzen, Michael,547179,2021,.241,.343,.328,.102,.247,.341,.301,.307,.336,.094,
Kim, Kwang Hyun,547942,2021,.242,.373,.312,.131,.253,.418,.300,.323,.324,.165,
Ryu, Hyun Jin,547943,2021,.258,.435,.298,.177,.265,.440,.313,.323,.306,.175,
Chapman, Aroldis,547973,2021,.182,.359,.317,.177,.175,.363,.300,.302,.316,.188,
Raley, Brooks,548384,2021,.232,.362,.302,.130,.229,.381,.294,.301,.300,.152,
Stripling, Ross,548389,2021,.251,.489,.304,.238,.256,.468,.335,.340,.315,.212,
Kittredge, Andrew,552640,2021,.210,.332,.259,.122,.221,.355,.251,.270,.272,.133,
Garcia, Yimi,554340,2021,.230,.408,.287,.178,.252,.462,.290,.321,.309,.210,
Wheeler, Zack,554430,2021,.215,.321,.263,.106,.216,.319,.257,.259,.265,.103,
Matzek, Tyler,554431,2021,.182,.277,.299,.095,.192,.284,.261,.269,.313,.092,
Rodriguez, Joely,570257,2021,.294,.389,.343,.095,.246,.357,.320,.300,.313,.112,
Valdez, Phillips,570488,2021,.238,.354,.345,.116,.250,.387,.312,.331,.357,.137,
Urena, Jose,570632,2021,.292,.475,.362,.183,.285,.476,.360,.364,.358,.191,
Robles, Hansel,570663,2021,.228,.398,.337,.170,.233,.424,.321,.333,.342,.190,
Cessa, Luis,570666,2021,.229,.342,.284,.113,.251,.375,.277,.302,.312,.124,
Boyd, Matthew,571510,2021,.255,.397,.318,.142,.245,.410,.311,.314,.311,.165,
Brothers, Rex,571521,2021,.212,.399,.347,.187,.238,.436,.327,.352,.369,.198,
Corbin, Patrick,571578,2021,.286,.510,.340,.224,.282,.494,.362,.358,.343,.211,
Farmer, Buck,571656,2021,.278,.500,.386,.222,.270,.502,.380,.379,.380,.232,
Floro, Dylan,571670,2021,.217,.287,.289,.070,.236,.358,.255,.291,.306,.122,
Frankoff, Seth,571676,2021,.333,.583,.419,.250,.255,.495,.434,.375,.370,.240,
Givens, Mychal,571710,2021,.234,.413,.333,.179,.237,.391,.318,.319,.341,.154,
Hale, David,571735,2021,.283,.491,.345,.208,.293,.514,.355,.370,.354,.221,
Heaney, Andrew,571760,2021,.256,.487,.317,.231,.237,.432,.341,.318,.303,.194,
Hutchison, Drew,571800,2021,.260,.338,.341,.078,.288,.403,.305,.365,.386,.115,
Krol, Ian,571871,2021,.303,.474,.360,.171,.261,.377,.358,.315,.329,.116,
Law, Derek,571882,2021,.276,.466,.358,.190,.267,.446,.353,.347,.353,.179,
Loup, Aaron,571901,2021,.192,.238,.261,.046,.227,.302,.229,.274,.298,.075,
Matz, Steven,571927,2021,.265,.405,.320,.140,.253,.396,.315,.310,.309,.143,
Mikolas, Miles,571945,2021,.253,.406,.301,.153,.264,.430,.307,.326,.316,.166,
Miller, Shelby,571946,2021,.327,.571,.452,.244,.275,.461,.433,.382,.411,.186,
Milner, Hoby,571948,2021,.323,.613,.354,.290,.306,.568,.408,.385,.341,.263,
Richards, Garrett,572070,2021,.289,.468,.361,.179,.285,.465,.356,.357,.359,.180,
Selman, Sam,572125,2021,.222,.356,.336,.134,.245,.401,.305,.341,.363,.156,
Smith, Burch,572143,2021,.280,.440,.324,.160,.282,.444,.328,.332,.326,.163,
Tepera, Ryan,572193,2021,.164,.272,.242,.108,.171,.280,.230,.249,.258,.109,
Greene, Shane,572888,2021,.263,.505,.381,.242,.208,.375,.381,.319,.335,.167,
Johnson, Pierce,572955,2021,.220,.369,.307,.149,.206,.336,.292,.285,.299,.130,
Keuchel, Dallas,572971,2021,.290,.472,.354,.182,.302,.494,.356,.372,.366,.191,
Mantiply, Joe,573009,2021,.292,.448,.356,.156,.254,.378,.338,.307,.329,.125,
Rogers, Taylor,573124,2021,.247,.370,.277,.123,.212,.321,.275,.246,.251,.109,
Stroman, Marcus,573186,2021,.242,.362,.290,.120,.263,.419,.284,.318,.313,.156,
Thielbar, Caleb,573204,2021,.232,.401,.293,.169,.222,.418,.300,.304,.288,.196,
Minaya, Juan,573668,2021,.189,.329,.293,.140,.196,.331,.280,.287,.303,.135,
Kikuchi, Yusei,579328,2021,.243,.432,.318,.189,.261,.463,.325,.347,.336,.202,
Adam, Jason,592094,2021,.244,.415,.380,.171,.170,.303,.354,.290,.319,.133,
Bedrosian, Cam,592135,2021,.278,.485,.379,.207,.265,.477,.371,.373,.373,.212,
Biddle, Jesse,592145,2021,.263,.368,.392,.105,.191,.310,.345,.332,.362,.120,
Brice, Austin,592169,2021,.264,.453,.391,.189,.229,.427,.371,.351,.362,.198,
Claudio, Alex,592222,2021,.278,.489,.351,.211,.263,.427,.358,.332,.337,.164,
Crichton, Stefan,592233,2021,.333,.495,.419,.162,.259,.391,.386,.347,.369,.132,
De Leon, Jose,592254,2021,.289,.513,.385,.224,.233,.439,.381,.343,.344,.206,
Emanuel, Kent,592288,2021,.190,.381,.250,.191,.210,.371,.273,.280,.269,.160,
Foltynewicz, Mike,592314,2021,.260,.527,.314,.267,.266,.491,.355,.350,.324,.225,
Gausman, Kevin,592332,2021,.210,.345,.263,.135,.231,.382,.265,.290,.284,.151,
Gonzalez, Chi Chi,592346,2021,.311,.538,.359,.227,.314,.542,.381,.387,.366,.228,
Gray, Jon,592351,2021,.245,.420,.320,.175,.236,.380,.320,.306,.314,.144,
Hembree, Heath,592390,2021,.207,.419,.292,.212,.188,.349,.306,.275,.275,.161,
Jackson, Luke,592426,2021,.198,.317,.291,.119,.230,.388,.270,.311,.322,.158,
Kolarek, Adam,592473,2021,.341,.523,.412,.182,.287,.429,.407,.357,.372,.142,
Osich, Josh,592612,2021,.273,.509,.333,.236,.235,.337,.359,.285,.299,.102,
Plutko, Adam,592644,2021,.295,.614,.373,.319,.281,.550,.408,.384,.363,.269,
Ray, Robbie,592662,2021,.210,.401,.266,.191,.219,.398,.287,.293,.276,.180,
Sampson, Adrian,592716,2021,.231,.462,.303,.231,.242,.469,.329,.339,.316,.227,
Sanchez, Aaron,592717,2021,.234,.328,.327,.094,.233,.344,.296,.303,.326,.111,
Shreve, Chasen,592741,2021,.212,.374,.306,.162,.212,.366,.298,.302,.312,.154,
Smith, Caleb,592761,2021,.217,.401,.324,.184,.216,.384,.317,.313,.325,.168,
Smyly, Drew,592767,2021,.269,.480,.322,.211,.268,.472,.342,.343,.327,.204,
Stanek, Ryne,592773,2021,.186,.312,.303,.126,.207,.393,.276,.312,.321,.186,
Taillon, Jameson,592791,2021,.238,.422,.299,.184,.230,.402,.309,.305,.295,.171,
Velasquez, Vince,592826,2021,.251,.525,.345,.274,.244,.471,.368,.349,.341,.227,
Wade, Konner,592831,2021,.390,.610,.438,.220,.315,.489,.442,.366,.369,.173,
Walker, Taijuan,592836,2021,.225,.400,.294,.175,.246,.443,.301,.328,.314,.197,
Wick, Rowan,592858,2021,.205,.253,.320,.048,.209,.320,.271,.298,.328,.111,
Williams, Taylor,592865,2021,.273,.409,.400,.136,.257,.397,.359,.352,.388,.139,
Williams, Trevor,592866,2021,.287,.462,.343,.175,.263,.418,.348,.325,.325,.156,
Feliz, Michael,593140,2021,.313,.506,.367,.193,.298,.541,.374,.381,.353,.243,
Rodriguez, Richard,593144,2021,.209,.372,.247,.163,.247,.475,.264,.321,.283,.228,
German, Domingo,593334,2021,.234,.426,.288,.192,.239,.422,.306,.311,.294,.183,
Martinez, Carlos,593372,2021,.246,.390,.342,.144,.279,.470,.321,.369,.374,.191,
Montas, Frankie,593423,2021,.232,.372,.293,.140,.237,.404,.290,.307,.300,.167,
Neris, Hector,593576,2021,.202,.382,.294,.180,.185,.317,.292,.267,.282,.132,
Tapia, Domingo,593619,2021,.208,.275,.296,.067,.253,.353,.255,.303,.337,.099,
Suero, Wander,593833,2021,.266,.521,.337,.255,.267,.493,.361,.355,.338,.225,
Rodriguez, Eduardo,593958,2021,.277,.437,.327,.160,.233,.367,.330,.288,.289,.134,
Peralta, Wandy,593974,2021,.251,.385,.324,.134,.244,.383,.309,.312,.322,.138,
Guduan, Reymin,594056,2021,.345,.473,.369,.128,.333,.509,.355,.410,.396,.176,
Gustave, Jandel,594311,2021,.224,.328,.304,.104,.285,.423,.270,.337,.363,.139,
Mayers, Mike,594577,2021,.250,.430,.317,.180,.220,.391,.323,.300,.292,.171,
Dayton, Grant,594795,2021,.283,.509,.344,.226,.250,.420,.351,.320,.335,.170,
deGrom, Jacob,594798,2021,.129,.242,.160,.113,.146,.249,.174,.190,.181,.103,
Gonzales, Marco,594835,2021,.234,.465,.294,.231,.257,.485,.321,.342,.317,.228,
Ponce de Leon, Daniel,594965,2021,.252,.465,.373,.213,.234,.427,.363,.353,.371,.192,
Ryan, Kyle,594986,2021,.315,.574,.371,.259,.314,.474,.393,.368,.382,.159,
Sadler, Casey,594987,2021,.143,.195,.207,.052,.198,.274,.185,.241,.258,.076,
Treinen, Blake,595014,2021,.179,.253,.259,.074,.189,.261,.233,.243,.268,.072,
Eickhoff, Jerad,595191,2021,.333,.722,.413,.389,.347,.660,.462,.453,.427,.313,
Okert, Steven,595345,2021,.183,.358,.289,.175,.173,.341,.281,.274,.283,.168,
Sherriff, Ryan,595411,2021,.241,.293,.375,.052,.210,.274,.313,.309,.356,.064,
Winkler, Dan,595465,2021,.213,.373,.374,.160,.223,.334,.336,.333,.384,.111,
Curtiss, John,595928,2021,.244,.407,.294,.163,.249,.397,.303,.304,.301,.148,
Ellis, Chris,595939,2021,.200,.324,.306,.124,.264,.444,.284,.352,.361,.180,
Junis, Jakob,596001,2021,.279,.461,.327,.182,.282,.508,.336,.356,.331,.225,
Maples, Dillon,596027,2021,.144,.231,.345,.087,.186,.298,.285,.322,.378,.112,
Morimando, Shawn,596049,2021,.375,.646,.426,.271,.264,.449,.445,.333,.327,.184,
Norris, Daniel,596057,2021,.256,.428,.351,.172,.234,.386,.340,.317,.333,.152,
Peters, Dillon,596071,2021,.245,.415,.316,.170,.250,.416,.316,.322,.321,.166,
Stephenson, Robert,596112,2021,.241,.408,.315,.167,.228,.392,.313,.306,.307,.164,
Weaver, Luke,596133,2021,.233,.470,.287,.237,.254,.454,.317,.329,.313,.201,
Gomber, Austin,596295,2021,.232,.420,.299,.188,.239,.411,.309,.311,.307,.173,
Barnes, Matt,598264,2021,.206,.357,.284,.151,.177,.325,.278,.256,.258,.148,
Ramirez, Nick,598286,2021,.277,.410,.330,.133,.257,.378,.312,.302,.318,.121,
Ramirez, Noe,598287,2021,.178,.287,.259,.109,.193,.309,.246,.266,.277,.116,
Machado, Andres,600921,2021,.226,.376,.325,.150,.224,.352,.307,.305,.327,.128,
Pivetta, Nick,601713,2021,.234,.417,.313,.183,.220,.386,.316,.301,.302,.166,
Barlow, Scott,605130,2021,.223,.328,.297,.105,.215,.354,.275,.283,.291,.139,
Bassitt, Chris,605135,2021,.218,.348,.278,.130,.227,.363,.274,.287,.288,.135,
Benjamin, Wes,605138,2021,.309,.543,.411,.234,.253,.458,.406,.367,.371,.205,
Bradley, Archie,605151,2021,.258,.404,.339,.146,.233,.366,.324,.306,.320,.133,
Brebbia, John,605154,2021,.316,.557,.356,.241,.244,.408,.379,.293,.294,.163,
Bundy, Dylan,605164,2021,.253,.491,.325,.238,.247,.455,.348,.335,.323,.208,
Chafin, Andrew,605177,2021,.186,.273,.248,.087,.207,.334,.231,.269,.271,.127,
Cotton, Jharel,605194,2021,.237,.331,.328,.094,.186,.317,.296,.272,.285,.132,
Crick, Kyle,605195,2021,.175,.200,.355,.025,.222,.328,.281,.338,.394,.106,
Davies, Zach,605200,2021,.281,.485,.362,.204,.294,.487,.366,.376,.380,.193,
Fulmer, Michael,605242,2021,.256,.378,.316,.122,.243,.388,.301,.302,.306,.145,
Hess, David,605276,2021,.364,.784,.431,.420,.307,.624,.491,.430,.390,.318,
Holmes, Clay,605280,2021,.206,.284,.295,.078,.199,.293,.262,.264,.289,.094,
Houser, Adrian,605288,2021,.228,.340,.319,.112,.241,.359,.297,.312,.334,.119,
Lopez, Jorge,605347,2021,.293,.485,.375,.192,.275,.450,.369,.353,.361,.174,
Marshall, Evan,605359,2021,.277,.515,.327,.238,.225,.365,.351,.289,.289,.140,
Morgan, Adam,605388,2021,.237,.505,.324,.268,.205,.392,.348,.307,.302,.187,
Musgrove, Joe,605397,2021,.213,.364,.286,.151,.236,.388,.284,.305,.309,.151,
Nola, Aaron,605400,2021,.237,.405,.284,.168,.223,.378,.297,.283,.273,.155,
Rios, Yacksel,605441,2021,.189,.368,.316,.179,.219,.433,.303,.340,.341,.214,
Romano, Jordan,605447,2021,.181,.310,.265,.129,.173,.296,.257,.251,.258,.123,
Ross, Joe,605452,2021,.237,.402,.304,.165,.247,.415,.305,.316,.316,.169,
Snell, Blake,605483,2021,.214,.375,.315,.161,.233,.431,.305,.336,.334,.198,
Springs, Jeffrey,605488,2021,.216,.444,.274,.228,.209,.379,.302,.282,.272,.170,
Thompson, Zach,605507,2021,.227,.374,.298,.147,.227,.365,.293,.295,.302,.139,
Turnbull, Spencer,605513,2021,.203,.286,.269,.083,.206,.322,.250,.269,.276,.116,
Warren, Art,605521,2021,.153,.236,.244,.083,.139,.200,.218,.201,.235,.061,
Wendelken, J.B.,605525,2021,.256,.372,.340,.116,.264,.416,.310,.332,.348,.152,
Wisler, Matt,605538,2021,.228,.400,.272,.172,.201,.323,.284,.252,.250,.122,
Woodruff, Brandon,605540,2021,.200,.317,.254,.117,.227,.353,.252,.280,.281,.127,
Wright Jr., Mike,605541,2021,.254,.373,.370,.119,.257,.409,.333,.362,.381,.152,
Gallegos, Giovanny,606149,2021,.183,.302,.248,.119,.206,.347,.240,.272,.273,.140,
Montero, Rafael,606160,2021,.296,.422,.360,.126,.231,.329,.340,.290,.309,.098,
Payamps, Joel,606303,2021,.232,.379,.288,.147,.216,.337,.286,.266,.273,.121,
Garcia, Jarlin,606424,2021,.196,.380,.253,.184,.222,.367,.269,.281,.282,.146,
Barnes, Jacob,606930,2021,.270,.504,.336,.234,.229,.437,.359,.319,.302,.208,
Rodon, Carlos,607074,2021,.189,.306,.253,.117,.189,.316,.247,.254,.256,.127,
Faria, Jake,607188,2021,.285,.489,.351,.204,.233,.418,.359,.315,.308,.185,
Glasnow, Tyler,607192,2021,.176,.319,.241,.143,.189,.337,.246,.260,.253,.149,
Fedde, Erick,607200,2021,.275,.466,.332,.191,.264,.457,.340,.337,.329,.194,
Romano, Sal,607219,2021,.292,.491,.364,.199,.294,.524,.362,.376,.366,.230,
Gsellman, Robert,607229,2021,.248,.385,.303,.137,.280,.427,.302,.334,.335,.147,
Gant, John,607231,2021,.233,.368,.350,.135,.258,.395,.321,.345,.375,.137,
Garrett, Amir,607237,2021,.249,.449,.349,.200,.233,.407,.340,.321,.337,.174,
Patton, Spencer,607359,2021,.229,.357,.297,.128,.210,.327,.287,.270,.279,.117,
Mazza, Chris,607391,2021,.257,.406,.313,.149,.243,.415,.306,.309,.302,.172,
Banda, Anthony,607455,2021,.287,.478,.353,.191,.231,.364,.353,.292,.305,.133,
Barraclough, Kyle,607457,2021,.245,.510,.367,.265,.191,.355,.373,.315,.330,.164,
Bummer, Aaron,607481,2021,.202,.250,.310,.048,.180,.235,.257,.249,.294,.055,
Freeland, Kyle,607536,2021,.284,.471,.340,.187,.247,.415,.349,.314,.308,.168,
Harper, Ryne,607560,2021,.214,.389,.297,.175,.226,.352,.297,.292,.308,.127,
Howard, Sam,607572,2021,.211,.379,.347,.168,.196,.336,.325,.315,.344,.140,
Lugo, Seth,607625,2021,.237,.399,.313,.162,.249,.404,.305,.315,.324,.155,
Means, John,607644,2021,.224,.427,.263,.203,.242,.441,.294,.310,.281,.199,
Estevez, Carlos,608032,2021,.293,.455,.348,.162,.258,.419,.345,.322,.320,.161,
De Jong, Chase,608328,2021,.280,.589,.352,.309,.275,.561,.391,.382,.349,.286,
Fried, Max,608331,2021,.227,.353,.280,.126,.234,.364,.278,.288,.290,.130,
Fulmer, Carson,608334,2021,.265,.429,.362,.164,.243,.430,.347,.341,.347,.187,
Funkhouser, Kyle,608335,2021,.229,.340,.332,.111,.238,.354,.303,.316,.344,.115,
Giolito, Lucas,608337,2021,.219,.394,.276,.175,.221,.362,.288,.280,.278,.141,
Irvin, Cole,608344,2021,.275,.424,.320,.149,.282,.446,.323,.339,.331,.164,
Knebel, Corey,608349,2021,.176,.275,.248,.099,.203,.322,.229,.265,.277,.119,
Sims, Lucas,608371,2021,.200,.371,.287,.171,.168,.297,.281,.245,.260,.130,
Wacha, Michael,608379,2021,.270,.467,.316,.197,.283,.499,.334,.355,.330,.216,
Marquez, German,608566,2021,.242,.389,.308,.147,.251,.392,.303,.311,.319,.141,
Chargois, JT,608638,2021,.202,.346,.296,.144,.225,.365,.279,.299,.318,.139,
Duffey, Tyler,608648,2021,.216,.311,.307,.095,.228,.358,.278,.300,.319,.130,
Enns, Dietrich,608650,2021,.207,.305,.261,.098,.209,.296,.250,.249,.263,.087,
Farrell, Luke,608652,2021,.280,.480,.363,.200,.284,.493,.363,.371,.367,.209,
Graveman, Kendall,608665,2021,.180,.253,.284,.073,.228,.330,.248,.296,.325,.102,
Leone, Dominic,608678,2021,.195,.268,.274,.073,.212,.339,.247,.285,.297,.128,
Steckenrider, Drew,608716,2021,.214,.333,.273,.119,.229,.361,.264,.284,.289,.132,
Stratton, Chris,608717,2021,.233,.367,.309,.134,.228,.377,.294,.300,.306,.149,
Suter, Brent,608718,2021,.252,.402,.310,.150,.242,.382,.307,.298,.303,.141,
Voth, Austin,608723,2021,.266,.467,.347,.201,.287,.504,.345,.372,.372,.217,
Castro, Miguel,612434,2021,.189,.299,.320,.110,.213,.351,.286,.315,.341,.137,
Adams, Austin,613534,2021,.159,.244,.361,.085,.165,.263,.297,.311,.374,.098,
Ruiz, Jose,614179,2021,.210,.366,.280,.156,.244,.419,.281,.319,.315,.175,
Quantrill, Cal,615698,2021,.234,.373,.300,.139,.245,.391,.296,.310,.314,.145,
Sawamura, Hirokazu,617228,2021,.227,.429,.339,.202,.221,.401,.324,.317,.333,.180,
Reyes, Alex,621052,2021,.176,.294,.315,.118,.185,.304,.281,.288,.323,.120,
Garza, Justin,621057,2021,.250,.435,.352,.185,.285,.522,.344,.391,.387,.238,
Rucker, Michael,621074,2021,.286,.482,.357,.196,.270,.500,.360,.361,.344,.230,
Kaprielian, James,621076,2021,.233,.430,.301,.197,.240,.438,.314,.324,.310,.198,
Eflin, Zach,621107,2021,.276,.461,.305,.185,.257,.416,.325,.303,.289,.158,
Buehler, Walker,621111,2021,.199,.329,.254,.130,.218,.345,.255,.273,.274,.127,
Blackburn, Paul,621112,2021,.319,.534,.366,.215,.301,.469,.383,.354,.349,.168,
Burr, Ryan,621114,2021,.224,.320,.331,.096,.225,.324,.298,.306,.343,.099,
McCullers Jr., Lance,621121,2021,.205,.324,.304,.119,.209,.315,.283,.285,.309,.106,
Cody, Kyle,621129,2021,.327,.531,.382,.204,.295,.516,.388,.370,.354,.221,
Kriske, Brooks,621139,2021,.362,.915,.429,.553,.230,.503,.536,.353,.326,.273,
Mills, Alec,621219,2021,.291,.451,.344,.160,.281,.430,.343,.334,.338,.149,
Alvarado, Jose,621237,2021,.213,.325,.382,.112,.202,.305,.322,.313,.374,.103,
Diaz, Edwin,621242,2021,.195,.285,.292,.090,.174,.265,.264,.251,.278,.091,
Berrios, Jose,621244,2021,.223,.380,.280,.157,.242,.408,.286,.311,.302,.166,
Garza Jr., Ralph,621248,2021,.214,.411,.307,.197,.237,.400,.309,.317,.327,.164,
Underwood Jr., Duane,621249,2021,.270,.439,.338,.169,.277,.443,.333,.344,.347,.166,
Wittgren, Nick,621295,2021,.261,.487,.310,.226,.287,.511,.331,.354,.337,.224,
Minter, A.J.,621345,2021,.226,.349,.294,.123,.213,.319,.282,.269,.285,.106,
Clay, Sam,621348,2021,.296,.409,.383,.113,.270,.415,.342,.336,.362,.145,
Borucki, Ryan,621366,2021,.214,.429,.306,.215,.234,.415,.318,.326,.327,.181,
Hearn, Taylor,621368,2021,.247,.424,.320,.177,.257,.434,.321,.335,.333,.177,
Castro, Anthony,621593,2021,.237,.433,.312,.196,.220,.386,.314,.300,.305,.166,
Young, Alex,622065,2021,.307,.538,.386,.231,.284,.483,.389,.365,.372,.199,
Wood, Alex,622072,2021,.236,.372,.308,.136,.240,.377,.298,.305,.311,.137,
Almonte, Yency,622075,2021,.260,.475,.369,.215,.251,.433,.361,.351,.366,.182,
Antone, Tejay,622088,2021,.152,.250,.258,.098,.198,.351,.232,.288,.293,.152,
Zimmer, Kyle,622092,2021,.243,.397,.341,.154,.232,.404,.321,.334,.339,.172,
Smith, Drew,622098,2021,.192,.397,.279,.205,.217,.410,.283,.303,.304,.193,
Sborz, Josh,622250,2021,.234,.383,.327,.149,.227,.365,.310,.303,.322,.138,
Staumont, Josh,622251,2021,.183,.294,.273,.111,.223,.385,.254,.303,.309,.162,
Tate, Dillon,622253,2021,.245,.394,.317,.149,.241,.369,.310,.314,.324,.128,
Rodriguez, Jefry,622446,2021,.266,.468,.384,.202,.272,.472,.371,.376,.389,.200,
Castillo, Luis,622491,2021,.255,.402,.328,.147,.233,.348,.318,.294,.312,.115,
Crismatt, Nabil,622503,2021,.274,.420,.339,.146,.250,.394,.330,.312,.319,.144,
Senzatela, Antonio,622608,2021,.287,.421,.327,.134,.274,.415,.323,.319,.318,.142,
Hernandez, Elieser,622694,2021,.265,.529,.316,.264,.249,.472,.353,.330,.306,.223,
Diaz, Miguel,622766,2021,.204,.434,.291,.230,.254,.461,.312,.346,.336,.207,
Perdomo, Angel,622780,2021,.200,.433,.380,.233,.181,.419,.350,.341,.366,.238,
Sewald, Paul,623149,2021,.176,.339,.250,.163,.182,.361,.250,.262,.257,.178,
Flexen, Chris,623167,2021,.268,.414,.309,.146,.261,.427,.311,.317,.305,.166,
Hader, Josh,623352,2021,.127,.193,.228,.066,.154,.239,.200,.229,.253,.085,
Wieck, Brad,623364,2021,.164,.213,.282,.049,.165,.255,.237,.251,.283,.090,
Anderson, Drew,623454,2021,.238,.298,.297,.060,.258,.415,.267,.319,.315,.157,
Phillips, Evan,623465,2021,.212,.308,.293,.096,.285,.407,.263,.332,.359,.122,
Herget, Jimmy,623474,2021,.286,.443,.346,.157,.247,.343,.335,.291,.314,.096,
Goudeau, Ashton,623485,2021,.202,.370,.305,.168,.223,.352,.294,.299,.330,.130,
Suarez, Ranger,624133,2021,.194,.255,.266,.061,.205,.278,.235,.251,.278,.073,
Thompson, Keegan,624522,2021,.233,.408,.333,.175,.252,.441,.326,.350,.358,.189,
Gonzalez, Victor,624647,2021,.244,.359,.348,.115,.257,.375,.313,.327,.361,.119,
Lopez, Reynaldo,625643,2021,.205,.420,.248,.215,.237,.414,.280,.299,.280,.177,
Thorpe, Lewis,626929,2021,.237,.390,.318,.153,.271,.428,.310,.343,.348,.158,
Maeda, Kenta,628317,2021,.258,.433,.320,.175,.232,.382,.325,.298,.298,.150,
Iglesias, Raisel,628452,2021,.207,.367,.242,.160,.190,.331,.261,.243,.227,.141,
Urias, Julio,628711,2021,.219,.349,.263,.130,.219,.361,.266,.273,.266,.141,
Crowe, Wil,640444,2021,.276,.501,.361,.225,.255,.456,.369,.348,.345,.201,
Finnegan, Kyle,640448,2021,.251,.404,.340,.153,.221,.361,.324,.299,.318,.140,
Manaea, Sean,640455,2021,.255,.415,.304,.160,.249,.419,.310,.313,.300,.170,
Puk, A.J.,640462,2021,.310,.379,.385,.069,.262,.358,.341,.313,.342,.097,
Stewart, Kohl,640464,2021,.309,.455,.391,.146,.280,.443,.373,.358,.371,.163,
Alzolay, Adbert,640470,2021,.236,.439,.291,.203,.249,.452,.312,.327,.307,.203,
Lopez, Pablo,641154,2021,.233,.385,.292,.152,.230,.374,.293,.290,.290,.144,
Alexander, Tyler,641302,2021,.255,.429,.306,.174,.250,.429,.315,.318,.303,.179,
Anderson, Shaun,641312,2021,.330,.514,.403,.184,.267,.438,.391,.341,.348,.171,
Bickford, Phil,641360,2021,.197,.350,.280,.153,.210,.361,.263,.275,.294,.150,
Bowden, Ben,641386,2021,.288,.503,.373,.215,.240,.419,.374,.327,.336,.179,
Brentz, Jake,641394,2021,.197,.345,.317,.148,.221,.368,.297,.322,.343,.148,
Brogdon, Connor,641401,2021,.221,.362,.281,.141,.214,.333,.277,.265,.276,.119,
Castano, Daniel,641447,2021,.268,.451,.337,.183,.301,.505,.342,.379,.370,.204,
Cortes Jr., Nestor,641482,2021,.217,.386,.273,.169,.215,.372,.285,.282,.272,.157,
Dunning, Dane,641540,2021,.275,.427,.344,.152,.266,.419,.336,.333,.338,.154,
Duplantier, Jon,641541,2021,.322,.627,.414,.305,.280,.540,.441,.396,.384,.261,
Foster, Matt,641582,2021,.274,.478,.333,.204,.276,.505,.346,.362,.337,.229,
Greene, Conner,641632,2021,.308,.423,.388,.115,.251,.394,.352,.321,.340,.142,
Hendrix, Ryan,641682,2021,.268,.528,.352,.260,.271,.466,.366,.348,.354,.195,
Jefferies, Daulton,641726,2021,.208,.358,.276,.150,.253,.372,.278,.306,.317,.120,
Jimenez, Joe,641729,2021,.206,.388,.367,.182,.168,.324,.336,.304,.337,.156,
Kay, Anthony,641743,2021,.281,.519,.378,.238,.254,.429,.384,.345,.355,.175,
Keller, Brad,641745,2021,.297,.457,.374,.160,.292,.506,.358,.381,.374,.214,
Kinley, Tyler,641755,2021,.223,.424,.295,.201,.232,.390,.308,.303,.305,.158,
Kuhl, Chad,641771,2021,.252,.445,.355,.193,.242,.406,.347,.334,.351,.164,
Lauer, Eric,641778,2021,.215,.356,.280,.141,.231,.394,.280,.303,.300,.163,
Littell, Zack,641793,2021,.207,.374,.286,.167,.223,.396,.287,.304,.302,.173,
Mahle, Tyler,641816,2021,.234,.396,.306,.162,.229,.365,.308,.299,.306,.136,
Mayza, Tim,641835,2021,.206,.309,.262,.103,.228,.320,.256,.272,.287,.092,
McGowin, Kyle,641851,2021,.188,.357,.289,.169,.200,.334,.283,.283,.300,.134,
Middleton, Keynan,641871,2021,.252,.370,.364,.118,.251,.415,.327,.342,.364,.164,
Murphy, Patrick,641907,2021,.272,.412,.352,.140,.273,.414,.336,.340,.354,.140,
Ober, Bailey,641927,2021,.258,.489,.296,.231,.252,.461,.330,.326,.293,.209,
Pagan, Emilio,641941,2021,.231,.512,.289,.281,.228,.492,.336,.329,.286,.264,
Rogers, Josh,642028,2021,.241,.436,.318,.195,.266,.492,.326,.357,.342,.226,
Saucedo, Tayler,642048,2021,.229,.354,.312,.125,.256,.380,.294,.320,.336,.124,
Sheffield, Jordan,642068,2021,.190,.270,.293,.080,.216,.350,.260,.301,.318,.134,
Sherfy, James,642073,2021,.218,.382,.286,.164,.250,.436,.293,.327,.319,.187,
Slegers, Aaron,642083,2021,.326,.545,.396,.219,.268,.428,.403,.340,.347,.160,
Smith, Riley,642092,2021,.308,.523,.349,.215,.289,.481,.368,.348,.333,.193,
Sulser, Cole,642121,2021,.207,.319,.276,.112,.208,.342,.264,.274,.278,.134,
Taylor, Blake,642130,2021,.233,.399,.319,.166,.204,.358,.310,.285,.296,.155,
Trivino, Lou,642152,2021,.216,.310,.310,.094,.234,.394,.280,.319,.329,.160,
Widener, Taylor,642203,2021,.241,.456,.342,.215,.249,.478,.343,.356,.353,.229,
Williams, Devin,642207,2021,.186,.294,.292,.108,.175,.274,.268,.259,.284,.100,
Yarbrough, Ryan,642232,2021,.267,.457,.305,.190,.272,.438,.325,.323,.312,.166,
Yardley, Eric,642233,2021,.324,.554,.416,.230,.281,.458,.408,.363,.384,.177,
Soto, Gregory,642397,2021,.198,.319,.315,.121,.199,.330,.285,.293,.319,.131,
Loaisiga, Jonathan,642528,2021,.215,.281,.265,.066,.189,.254,.245,.229,.244,.065,
Barria, Jaime,642545,2021,.307,.474,.364,.167,.302,.473,.361,.361,.359,.171,
Peralta, Freddy,642547,2021,.165,.300,.260,.135,.174,.289,.252,.254,.269,.115,
Santana, Dennis,642701,2021,.240,.340,.350,.100,.262,.414,.310,.346,.371,.152,
Brault, Steven,643230,2021,.292,.504,.362,.212,.276,.508,.366,.364,.351,.232,
Cimber, Adam,643256,2021,.234,.310,.294,.076,.243,.346,.263,.285,.304,.103,
Dunn, Justin,643290,2021,.201,.332,.321,.131,.230,.426,.295,.340,.346,.196,
Fry, Paul,643316,2021,.213,.282,.353,.069,.218,.307,.300,.313,.361,.090,
Green, Chad,643338,2021,.193,.386,.235,.193,.213,.399,.262,.278,.255,.186,
Jax, Griffin,643377,2021,.256,.538,.322,.282,.251,.524,.358,.358,.321,.273,
Rogers, Tyler,643511,2021,.243,.328,.282,.085,.235,.304,.269,.263,.277,.069,
Zeuch, T.J.,643615,2021,.323,.677,.405,.354,.333,.700,.450,.466,.418,.367,
Webb, Tyler,643778,2021,.310,.437,.446,.127,.270,.404,.390,.369,.424,.134,
Alcantara, Sandy,645261,2021,.223,.365,.276,.142,.233,.369,.279,.288,.287,.136,
Diaz, Jhonathan,646242,2021,.220,.360,.322,.140,.275,.443,.302,.365,.376,.168,
Pop, Zach,647315,2021,.254,.362,.350,.108,.233,.350,.316,.308,.334,.117,
Wells, Alexander,649144,2021,.299,.520,.365,.221,.308,.531,.377,.387,.373,.224,
Madero, Luis,650347,2021,.277,.681,.393,.404,.242,.578,.435,.391,.364,.336,
Hernandez, Darwinzon,650382,2021,.203,.343,.357,.140,.208,.335,.320,.324,.365,.127,
Mejia, J.C.,650496,2021,.286,.538,.366,.252,.285,.485,.385,.370,.367,.200,
Garcia, Bryan,650530,2021,.294,.552,.391,.258,.298,.601,.401,.421,.398,.303,
Abreu, Bryan,650556,2021,.254,.406,.348,.152,.250,.395,.330,.333,.349,.144,
King, Michael,650633,2021,.236,.355,.316,.119,.257,.417,.298,.333,.341,.159,
Civale, Aaron,650644,2021,.236,.443,.287,.207,.263,.462,.311,.334,.314,.199,
Mejia, Humberto,650668,2021,.340,.702,.390,.362,.299,.495,.447,.360,.358,.195,
Quijada, Jose,650671,2021,.213,.330,.327,.117,.236,.389,.294,.325,.347,.153,
Santana, Edgar,650828,2021,.228,.383,.280,.155,.254,.426,.286,.315,.305,.172,
Cabrera, Genesis,650893,2021,.209,.309,.314,.100,.210,.334,.283,.296,.322,.124,
Castillo, Diego,650895,2021,.194,.354,.266,.160,.192,.312,.268,.259,.269,.120,
Sanchez, Cristopher,650911,2021,.320,.460,.390,.140,.214,.305,.377,.282,.310,.091,
Diplan, Marcos,650959,2021,.206,.411,.301,.205,.226,.419,.308,.321,.318,.193,
Rodriguez, Manuel,655889,2021,.257,.443,.373,.186,.256,.408,.353,.345,.373,.152,
Abreu, Albert,656061,2021,.206,.435,.314,.229,.235,.419,.320,.339,.345,.185,
Barnes, Charlie,656212,2021,.303,.454,.377,.151,.289,.490,.364,.372,.370,.202,
Bielak, Brandon,656232,2021,.254,.381,.330,.127,.246,.369,.314,.309,.327,.123,
Bukauskas, J.B.,656266,2021,.333,.583,.383,.250,.271,.508,.404,.358,.335,.236,
Canning, Griffin,656288,2021,.264,.500,.339,.236,.251,.434,.358,.332,.330,.183,
Cease, Dylan,656302,2021,.223,.364,.305,.141,.210,.364,.295,.295,.297,.154,
Coonrod, Sam,656322,2021,.247,.373,.319,.126,.225,.359,.303,.291,.299,.135,
Davidson, Tucker,656353,2021,.205,.384,.277,.179,.277,.527,.287,.371,.346,.250,
Davis, Austin,656354,2021,.235,.431,.316,.196,.248,.399,.314,.322,.333,.151,
Feyereisen, J.P.,656420,2021,.183,.320,.295,.137,.204,.363,.278,.304,.317,.159,
Flaherty, Jack,656427,2021,.199,.364,.276,.165,.245,.457,.280,.337,.322,.212,
Gilbert, Tyler,656457,2021,.200,.343,.268,.143,.228,.400,.267,.306,.299,.172,
Gilbreath, Lucas,656458,2021,.208,.327,.308,.119,.197,.312,.285,.284,.303,.116,
Ginkel, Kevin,656464,2021,.268,.545,.357,.277,.249,.462,.383,.350,.343,.213,
Hentges, Sam,656529,2021,.318,.491,.384,.173,.271,.478,.377,.357,.345,.207,
Hoffman, Jeff,656546,2021,.248,.436,.358,.188,.236,.394,.345,.328,.349,.158,
Holloway, Jordan,656548,2021,.177,.315,.310,.138,.202,.358,.284,.310,.333,.156,
Houck, Tanner,656557,2021,.223,.313,.295,.090,.213,.337,.271,.277,.287,.124,
Jackson, Andre,656578,2021,.238,.381,.320,.143,.209,.364,.316,.298,.308,.155,
Keller, Mitch,656605,2021,.322,.477,.398,.155,.289,.452,.379,.359,.372,.164,
Klobosits, Gabe,656620,2021,.283,.348,.365,.065,.237,.348,.314,.296,.325,.111,
Kopech, Michael,656629,2021,.210,.374,.277,.164,.185,.332,.280,.261,.259,.146,
Lange, Alex,656638,2021,.259,.420,.346,.161,.273,.492,.335,.366,.358,.218,
Martin, Brett,656685,2021,.272,.374,.307,.102,.263,.368,.293,.290,.303,.105,
Martin, Corbin,656686,2021,.338,.662,.442,.324,.323,.646,.461,.454,.441,.323,
Megill, Trevor,656730,2021,.343,.619,.391,.276,.277,.484,.424,.348,.334,.207,
Megill, Tylor,656731,2021,.255,.467,.309,.212,.221,.413,.332,.303,.282,.192,
Montgomery, Jordan,656756,2021,.250,.380,.307,.130,.248,.404,.299,.310,.307,.156,
Nelson, Nick,656793,2021,.263,.421,.436,.158,.219,.367,.380,.360,.413,.148,
Newcomb, Sean,656794,2021,.235,.336,.380,.101,.224,.320,.327,.321,.375,.096,
Overton, Connor,656818,2021,.250,.411,.302,.161,.252,.412,.303,.313,.310,.160,
Peterson, David,656849,2021,.255,.454,.341,.199,.279,.479,.345,.367,.365,.200,
Rasmussen, Drew,656876,2021,.204,.307,.267,.103,.246,.367,.252,.295,.308,.121,
Reid-Foley, Sean,656887,2021,.265,.434,.337,.169,.246,.419,.326,.314,.320,.173,
Scott, Tanner,656945,2021,.234,.351,.363,.117,.230,.359,.321,.328,.363,.129,
Sheffield, Justus,656954,2021,.316,.515,.397,.199,.302,.531,.390,.396,.390,.228,
Solomon, Peter,656981,2021,.217,.283,.327,.066,.226,.306,.280,.298,.339,.080,
Steele, Justin,657006,2021,.233,.437,.331,.204,.227,.369,.332,.309,.327,.143,
Swanson, Erik,657024,2021,.212,.402,.271,.190,.208,.367,.285,.274,.268,.159,
Taylor, Josh,657031,2021,.246,.322,.340,.076,.249,.376,.295,.315,.342,.127,
Thompson, Ryan,657044,2021,.211,.366,.276,.155,.226,.411,.274,.299,.289,.185,
Toussaint, Touki,657053,2021,.234,.446,.329,.212,.271,.472,.334,.362,.365,.201,
Watkins, Spenser,657093,2021,.322,.596,.373,.274,.303,.558,.405,.391,.361,.255,
Webb, Jacob,657097,2021,.279,.441,.346,.162,.249,.402,.332,.306,.322,.153,
Jewell, Jake,657228,2021,.391,.761,.451,.370,.307,.487,.503,.376,.375,.180,
Merryweather, Julian,657240,2021,.265,.510,.327,.245,.244,.493,.353,.344,.312,.249,
Otto Jr., Glenn,657248,2021,.320,.490,.378,.170,.280,.453,.375,.347,.346,.172,
Webb, Logan,657277,2021,.234,.332,.289,.098,.230,.329,.274,.277,.288,.099,
Baumann, Mike,657508,2021,.302,.558,.400,.256,.345,.767,.407,.494,.437,.422,
Hill, Tim,657612,2021,.230,.387,.314,.157,.230,.382,.301,.303,.317,.152,
Ryan, Joe,657746,2021,.168,.347,.210,.179,.195,.395,.238,.270,.236,.200,
Garcia, Edgar,658305,2021,.302,.651,.389,.349,.275,.496,.432,.374,.366,.221,
Fernandez, Junior,658551,2021,.305,.451,.412,.146,.298,.426,.373,.364,.400,.128,
Lamet, Dinelson,659275,2021,.262,.415,.344,.153,.226,.379,.333,.308,.316,.154,
Ohtani, Shohei,660271,2021,.207,.351,.285,.144,.207,.345,.279,.282,.289,.138,
Yang, Hyeon-Jong,660365,2021,.296,.535,.369,.239,.298,.574,.383,.400,.372,.276,
Diaz, Yennsy,660546,2021,.255,.449,.339,.194,.243,.402,.340,.322,.336,.159,
Paredes, Enoli,660600,2021,.212,.273,.491,.061,.207,.328,.379,.392,.488,.121,
Ynoa, Huascar,660623,2021,.224,.418,.282,.194,.249,.429,.299,.317,.306,.180,
Suarez, Jose,660761,2021,.230,.382,.303,.152,.260,.397,.299,.322,.334,.137,
Graterol, Brusdar,660813,2021,.260,.389,.347,.129,.265,.361,.312,.309,.354,.096,
De Los Santos, Enyel,660853,2021,.291,.534,.376,.243,.242,.447,.384,.334,.341,.204,
Alcala, Jorge,660896,2021,.214,.381,.262,.167,.226,.404,.275,.293,.277,.178,
Lopez, Yoan,661255,2021,.333,.611,.393,.278,.307,.554,.409,.396,.379,.247,
Gutierrez, Vladimir,661269,2021,.263,.469,.333,.206,.252,.421,.345,.327,.327,.169,
Clase, Emmanuel,661403,2021,.195,.240,.240,.045,.205,.270,.212,.230,.251,.064,
Gil, Luis,661563,2021,.183,.303,.310,.120,.199,.352,.282,.305,.324,.153,
Burrows, Beau,663366,2021,.364,.864,.448,.500,.349,.795,.502,.481,.438,.446,
Waddell, Brandon,663399,2021,.333,.619,.451,.286,.333,.610,.450,.450,.453,.277,
Thornton, Trent,663423,2021,.278,.536,.343,.258,.259,.465,.371,.348,.331,.206,
Rainey, Tanner,663432,2021,.238,.459,.377,.221,.207,.426,.361,.341,.353,.219,
Bubic, Kris,663460,2021,.248,.444,.336,.196,.256,.456,.337,.349,.344,.201,
Allard, Kolby,663465,2021,.258,.474,.305,.216,.267,.483,.331,.344,.315,.217,
McKenzie, Triston,663474,2021,.194,.383,.293,.189,.230,.412,.296,.322,.324,.182,
Allen, Logan,663531,2021,.291,.518,.356,.227,.294,.526,.371,.380,.361,.232,
Mize, Casey,663554,2021,.234,.418,.297,.184,.254,.463,.308,.339,.319,.208,
McClanahan, Shane,663556,2021,.252,.389,.308,.137,.263,.437,.304,.328,.319,.174,
Falter, Bailey,663559,2021,.262,.423,.302,.161,.247,.380,.311,.292,.289,.133,
Santillan, Tony,663574,2021,.217,.401,.326,.184,.206,.357,.318,.308,.324,.150,
Neidert, Nick,663734,2021,.246,.405,.376,.159,.264,.440,.345,.368,.394,.176,
Lynch, Daniel,663738,2021,.295,.465,.370,.170,.287,.491,.360,.376,.369,.204,
Knehr, Reiss,663753,2021,.221,.365,.349,.144,.262,.463,.315,.370,.386,.201,
Woodford, Jake,663765,2021,.261,.403,.338,.142,.266,.405,.322,.332,.346,.139,
Evans, Demarcus,663770,2021,.238,.416,.342,.178,.207,.325,.333,.291,.319,.118,
Sandoval, Patrick,663776,2021,.215,.349,.300,.134,.219,.342,.288,.291,.305,.123,
Kowar, Jackson,663804,2021,.336,.586,.422,.250,.300,.521,.422,.397,.399,.221,
Pearson, Nate,663878,2021,.237,.390,.366,.153,.189,.312,.332,.289,.326,.123,
Singer, Brady,663903,2021,.281,.414,.358,.133,.258,.398,.338,.327,.339,.140,
Paddack, Chris,663978,2021,.269,.445,.301,.176,.274,.460,.319,.332,.312,.186,
Stephan, Trevor,663986,2021,.235,.470,.326,.235,.244,.472,.340,.349,.336,.229,
Lovelady, Richard,663992,2021,.211,.342,.274,.131,.191,.299,.265,.259,.264,.108,
Lakins Sr., Travis,664042,2021,.221,.356,.333,.135,.245,.432,.308,.344,.353,.187,
Eshelman, Thomas,664045,2021,.298,.535,.357,.237,.280,.462,.377,.351,.343,.182,
Stashak, Cody,664054,2021,.258,.419,.360,.161,.218,.397,.339,.333,.336,.178,
Gonsolin, Tony,664062,2021,.202,.369,.314,.167,.202,.333,.305,.295,.317,.131,
Ponce, Cody,664074,2021,.344,.613,.380,.269,.269,.475,.413,.344,.321,.206,
Cleavinger, Garrett,664076,2021,.290,.493,.393,.203,.224,.403,.384,.336,.354,.179,
Poppen, Sean,664092,2021,.316,.469,.391,.153,.286,.450,.367,.351,.364,.164,
Effross, Scott,664123,2021,.250,.423,.293,.173,.205,.346,.304,.262,.256,.141,
Fairbanks, Pete,664126,2021,.241,.331,.328,.090,.196,.305,.294,.269,.290,.108,
Hartlieb, Geoff,664129,2021,.278,.417,.480,.139,.227,.310,.408,.363,.444,.083,
Brubaker, JT,664141,2021,.254,.480,.316,.226,.252,.440,.340,.329,.318,.188,
Lucchesi, Joey,664192,2021,.245,.417,.299,.172,.222,.383,.310,.296,.288,.160,
Clarke, Taylor,664199,2021,.291,.436,.340,.145,.264,.440,.331,.323,.316,.176,
Maton III, Phil,664208,2021,.256,.425,.347,.169,.209,.342,.335,.294,.311,.133,
Valdez, Framber,664285,2021,.220,.327,.313,.107,.231,.343,.288,.301,.324,.112,
Javier, Cristian,664299,2021,.186,.355,.300,.169,.221,.416,.291,.327,.331,.195,
Yajure, Miguel,664337,2021,.283,.667,.368,.384,.306,.634,.428,.428,.388,.327,
Urquidy, Jose,664353,2021,.218,.406,.255,.188,.244,.434,.282,.307,.281,.190,
Newsome, Ljay,664714,2021,.317,.635,.333,.318,.275,.558,.405,.364,.317,.283,
Cousins, Jake,664776,2021,.158,.267,.312,.109,.179,.310,.272,.295,.331,.131,
Helsley, Ryan,664854,2021,.227,.341,.325,.114,.247,.414,.295,.332,.346,.168,
Lawrence, Justin,664875,2021,.333,.413,.465,.080,.248,.339,.390,.354,.420,.092,
Keller, Kyle,664918,2021,.234,.500,.368,.266,.218,.423,.369,.339,.354,.205,
Misiewicz, Anthony,664948,2021,.280,.431,.326,.151,.254,.426,.324,.313,.304,.173,
Kremer, Dean,665152,2021,.292,.588,.363,.296,.278,.542,.397,.379,.352,.264,
Castro, Kervin,665645,2021,.260,.300,.304,.040,.244,.383,.263,.303,.311,.139,
Cabrera, Edward,665795,2021,.247,.505,.392,.258,.283,.540,.387,.415,.420,.257,
Oviedo, Luis,665854,2021,.282,.470,.415,.188,.256,.448,.383,.371,.398,.191,
Anderson, Ian,666120,2021,.221,.371,.297,.150,.241,.414,.293,.319,.318,.173,
Garrett, Braxton,666129,2021,.318,.447,.403,.129,.298,.438,.377,.371,.399,.139,
Manning, Matt,666159,2021,.279,.445,.343,.166,.286,.463,.340,.353,.353,.177,
Thompson, Mason,666168,2021,.311,.476,.397,.165,.263,.405,.380,.337,.362,.142,
Luzardo, Jesus,666200,2021,.280,.524,.362,.244,.255,.460,.375,.349,.344,.205,
Manoah, Alek,666201,2021,.192,.314,.290,.122,.199,.321,.273,.281,.297,.122,
Muller, Kyle,666205,2021,.202,.295,.310,.093,.216,.352,.275,.305,.328,.136,
Doval, Camilo,666808,2021,.192,.333,.266,.141,.201,.333,.257,.262,.275,.132,
Nance, Tommy,667297,2021,.227,.418,.323,.191,.257,.418,.322,.340,.349,.161,
Sanchez, Miguel,667376,2021,.267,.446,.358,.179,.274,.458,.343,.362,.373,.185,
King, John,667463,2021,.233,.330,.295,.097,.232,.340,.276,.282,.296,.108,
Dugger, Robert,667498,2021,.324,.533,.388,.209,.299,.463,.391,.362,.372,.164,
Tyler, Kyle,667725,2021,.190,.286,.308,.096,.198,.343,.271,.294,.314,.146,
Plesac, Zach,668676,2021,.248,.437,.298,.189,.255,.456,.314,.325,.305,.201,
Gallen, Zac,668678,2021,.233,.413,.310,.180,.231,.383,.313,.306,.311,.152,
Scrubb, Andre,668687,2021,.214,.443,.337,.229,.260,.524,.336,.387,.379,.264,
Kranick, Max,668820,2021,.301,.468,.385,.167,.259,.394,.364,.327,.354,.135,
Wilson, Bryse,669060,2021,.290,.505,.335,.215,.285,.503,.353,.358,.336,.218,
Zimmermann, Bruce,669145,2021,.291,.492,.347,.201,.294,.531,.359,.378,.353,.238,
May, Dustin,669160,2021,.186,.349,.247,.163,.206,.359,.255,.271,.258,.153,
Heasley, Jon,669169,2021,.278,.537,.339,.259,.296,.591,.371,.400,.356,.295,
Burnes, Corbin,669203,2021,.201,.273,.248,.072,.181,.257,.232,.219,.230,.076,
Akin, Keegan,669211,2021,.290,.491,.356,.201,.264,.470,.361,.349,.337,.206,
Morgan, Eli,669212,2021,.259,.500,.306,.241,.264,.507,.343,.349,.314,.244,
Menez, Conner,669214,2021,.276,.466,.306,.190,.262,.358,.325,.294,.304,.096,
Campbell, Paul,669294,2021,.288,.486,.355,.198,.265,.486,.363,.355,.337,.221,
Gilbert, Logan,669302,2021,.241,.425,.290,.184,.242,.428,.305,.311,.294,.185,
Wells, Tyler,669330,2021,.192,.365,.237,.173,.223,.421,.258,.294,.267,.198,
Skubal, Tarik,669373,2021,.245,.476,.306,.231,.267,.509,.332,.357,.328,.242,
Lambert, Jimmy,669424,2021,.314,.549,.400,.235,.316,.583,.402,.417,.404,.267,
Rogers, Trevor,669432,2021,.218,.318,.287,.100,.223,.344,.270,.284,.296,.121,
Bieber, Shane,669456,2021,.229,.373,.299,.144,.224,.385,.294,.298,.295,.161,
Barlow, Joe,669618,2021,.124,.216,.216,.092,.205,.356,.200,.286,.290,.151,
Bender, Anthony,669622,2021,.207,.350,.287,.143,.207,.311,.275,.270,.293,.104,
Long, Sammy,669674,2021,.237,.410,.313,.173,.237,.400,.313,.315,.314,.163,
Rodriguez, Chris,669735,2021,.243,.313,.351,.070,.217,.292,.304,.289,.328,.075,
Alexy, A.J.,669935,2021,.167,.346,.320,.179,.278,.473,.300,.387,.410,.195,
White, Mitch,669952,2021,.215,.356,.279,.141,.245,.372,.276,.298,.308,.127,
Baragar, Caleb,670056,2021,.235,.346,.347,.111,.221,.399,.303,.318,.338,.178,
Mills, Wyatt,670090,2021,.352,.519,.422,.167,.291,.401,.399,.352,.379,.110,
Bednar, David,670280,2021,.185,.324,.253,.139,.189,.304,.249,.246,.257,.116,
Hammer, JD,670456,2021,.259,.407,.362,.148,.228,.346,.336,.303,.334,.118,
Oviedo, Johan,670912,2021,.251,.412,.361,.161,.272,.454,.339,.364,.380,.182,
Richards, Trevor,670950,2021,.175,.364,.247,.189,.218,.414,.264,.302,.287,.195,
Uceta, Edwin,670955,2021,.253,.413,.337,.160,.231,.403,.323,.324,.332,.172,
Ramirez, Yohan,670990,2021,.188,.396,.289,.208,.175,.323,.304,.276,.286,.148,
Detmers, Reid,672282,2021,.295,.534,.386,.239,.263,.475,.390,.358,.358,.212,
Perez, Cionel,672335,2021,.233,.444,.369,.211,.209,.365,.351,.319,.350,.156,
Hernandez, Carlos,672578,2021,.223,.332,.318,.109,.234,.389,.291,.320,.331,.155,
Patino, Luis,672715,2021,.232,.393,.303,.161,.243,.426,.300,.319,.315,.183,
Guenther, Sean,674944,2021,.348,.494,.417,.146,.276,.419,.396,.342,.362,.143,
Lowther, Zac,675912,2021,.298,.496,.384,.198,.294,.565,.380,.404,.381,.272,
Karinchak, James,675916,2021,.176,.352,.294,.176,.188,.334,.287,.294,.309,.146,
Howard, Spencer,675921,2021,.269,.452,.362,.183,.249,.400,.352,.330,.346,.151,
Naughton, Packy,676050,2021,.290,.419,.389,.129,.275,.407,.354,.345,.376,.132,
Heuer, Codi,676051,2021,.261,.406,.320,.145,.254,.387,.313,.306,.319,.134,
Junk, Janson,676083,2021,.294,.529,.310,.235,.296,.571,.357,.375,.316,.275,
Elledge, Seth,676220,2021,.302,.465,.404,.163,.267,.422,.376,.349,.375,.155,
Abbott, Cory,676265,2021,.286,.643,.378,.357,.266,.555,.426,.392,.366,.288,
Bettinger, Alec,676424,2021,.391,.696,.431,.305,.323,.488,.476,.376,.377,.166,
Whitlock, Garrett,676477,2021,.233,.349,.282,.116,.228,.333,.272,.266,.277,.105,
Fleming, Josh,676596,2021,.268,.407,.321,.139,.278,.434,.313,.331,.332,.156,
Zuber, Tyler,676604,2021,.250,.462,.358,.212,.288,.565,.351,.407,.392,.277,
Margevicius, Nick,676606,2021,.250,.442,.350,.192,.277,.448,.339,.355,.363,.171,
Vest, Will,676684,2021,.288,.432,.378,.144,.288,.416,.355,.352,.381,.128,
Whitley, Kodi,676831,2021,.172,.230,.267,.058,.207,.328,.231,.279,.297,.121,
Peacock, Matt,676840,2021,.304,.494,.352,.190,.270,.417,.357,.319,.325,.147,
Ashby, Aaron,676879,2021,.210,.328,.286,.118,.193,.324,.272,.269,.272,.131,
de Geus, Brett,676969,2021,.308,.478,.399,.170,.285,.430,.379,.361,.385,.145,
Crochet, Garrett,676979,2021,.213,.289,.304,.076,.216,.315,.269,.281,.312,.098,
Garcia, Luis,677651,2021,.232,.393,.294,.161,.236,.395,.297,.305,.301,.159,
Bruihl, Justin,677865,2021,.203,.250,.288,.047,.254,.356,.239,.300,.337,.101,
Weathers, Ryan,677960,2021,.279,.497,.334,.218,.278,.479,.356,.351,.337,.201,
Dobnak, Randy,677976,2021,.310,.554,.346,.244,.325,.554,.380,.395,.366,.229,
Gray, Josiah,680686,2021,.238,.506,.319,.268,.219,.454,.348,.325,.308,.235,
Sandlin, Nick,680704,2021,.176,.286,.298,.110,.157,.261,.269,.257,.284,.104,
Wantz, Andrew,681806,2021,.219,.400,.308,.181,.227,.412,.308,.316,.318,.185,
Warren, Austin,681810,2021,.205,.282,.262,.077,.200,.297,.243,.249,.260,.098,
Vesia, Alex,681911,2021,.126,.296,.255,.170,.146,.314,.241,.261,.274,.168,
Mears, Nick,683232,2021,.269,.462,.355,.193,.252,.423,.349,.338,.349,.170,
Arihara, Kohei,685503,2021,.281,.600,.348,.319,.306,.619,.395,.418,.373,.313,